<?xml version="1.0" encoding="utf-8" ?>
<!DOCTYPE configuration
        PUBLIC "-//mybatis.org//DTD Config 3.0//EN"
        "http://mybatis.org/dtd/mybatis-3-config.dtd">
<configuration>
    <properties resource="mybatis\datasource.properties" />

    <settings>
        <setting name="logImpl" value="STDOUT_LOGGING"/>
    </settings>
    <typeAliases>
        <package name="entity"/>
    </typeAliases>
<!--    <plugins>-->
<!--        <plugin interceptor="com.github.pagehelper.PageHelper">-->
<!--            <property name="dialect" value="mysql"/>-->
<!--        </plugin>-->
<!--    </plugins>-->
    <environments default="development">
        <environment id="development">
            <transactionManager type="JDBC"></transactionManager>
            <dataSource type="POOLED">
                <property name="driver" value="${driver}"/>
                <property name="url" value="${url}"/>
                <property name="username" value="${username}"/>
                <property name="password" value="${password}"/>
            </dataSource>
        </environment>
    </environments>
<mappers>
    <mapper class="mapper.IUserMapper"></mapper>
<!--    <mapper resource="mapper/userMapper.xml"/>-->
</mappers>

</configuration>